[{"P":"1","Team":"Kilmarnock","GP":"36","W":"20","D":"7","L":"9","F":"50","A":"27","GD":"23","Pts":"67","Form":"Drew with Morton\n        \n    \n    \n\n    \n        \n            Won against Dunfermline\n        \n    \n    \n    \n\n    \n    \n    \n        \n            Lost to Inverness\n        \n    \n\n    \n        \n            Won against Arbroath\n        \n    \n    \n    \n\n    \n    \n        \n            Drew with Raith"},{"P":"2","Team":"Arbroath","GP":"36","W":"17","D":"14","L":"5","F":"54","A":"28","GD":"26","Pts":"65","Form":"Drew with Partick\n        \n    \n    \n\n    \n        \n            Won against Hamilton\n        \n    \n    \n    \n\n    \n        \n            Won against QOS FC\n        \n    \n    \n    \n\n    \n    \n    \n        \n            Lost to Kilmarnock\n        \n    \n\n    \n        \n            Won against Morton"},{"P":"3","Team":"Inverness","GP":"36","W":"16","D":"11","L":"9","F":"53","A":"34","GD":"19","Pts":"59","Form":"Drew with Ayr\n        \n    \n    \n\n    \n        \n            Won against Kilmarnock\n        \n    \n    \n    \n\n    \n    \n    \n        \n            Lost to QOS FC\n        \n    \n\n    \n        \n            Won against Morton\n        \n    \n    \n    \n\n    \n        \n            Won against Hamilton"},{"P":"4","Team":"Partick","GP":"36","W":"14","D":"10","L":"12","F":"46","A":"40","GD":"6","Pts":"52","Form":"Drew with Arbroath\n        \n    \n    \n\n    \n        \n            Won against QOS FC\n        \n    \n    \n    \n\n    \n    \n    \n        \n            Lost to Raith\n        \n    \n\n    \n        \n            Won against Dunfermline\n        \n    \n    \n    \n\n    \n    \n    \n        \n            Lost to Ayr"},{"P":"5","Team":"Raith","GP":"36","W":"12","D":"14","L":"10","F":"44","A":"44","GD":"0","Pts":"50","Form":"Lost to Dunfermline\n        \n    \n\n    \n    \n    \n        \n            Lost to Morton\n        \n    \n\n    \n        \n            Won against Partick\n        \n    \n    \n    \n\n    \n        \n            Won against Hamilton\n        \n    \n    \n    \n\n    \n    \n        \n            Drew with Kilmarnock"},{"P":"6","Team":"Hamilton","GP":"36","W":"10","D":"12","L":"14","F":"38","A":"53","GD":"-15","Pts":"42","Form":"Drew with Ayr\n        \n    \n    \n\n    \n    \n    \n        \n            Lost to Arbroath\n        \n    \n\n    \n        \n            Won against Morton\n        \n    \n    \n    \n\n    \n    \n    \n        \n            Lost to Raith\n        \n    \n\n    \n    \n    \n        \n            Lost to Inverness"},{"P":"7","Team":"Morton","GP":"36","W":"9","D":"13","L":"14","F":"36","A":"47","GD":"-11","Pts":"40","Form":"Drew with Kilmarnock\n        \n    \n    \n\n    \n        \n            Won against Raith\n        \n    \n    \n    \n\n    \n    \n    \n        \n            Lost to Hamilton\n        \n    \n\n    \n    \n    \n        \n            Lost to Inverness\n        \n    \n\n    \n    \n    \n        \n            Lost to Arbroath"},{"P":"8","Team":"Ayr","GP":"36","W":"9","D":"12","L":"15","F":"39","A":"52","GD":"-13","Pts":"39","Form":"Drew with Hamilton\n        \n    \n    \n\n    \n    \n        \n            Drew with Inverness\n        \n    \n    \n\n    \n    \n    \n        \n            Lost to Dunfermline\n        \n    \n\n    \n    \n        \n            Drew with QOS FC\n        \n    \n    \n\n    \n        \n            Won against Partick"},{"P":"9","Team":"Dunfermline","GP":"36","W":"7","D":"14","L":"15","F":"36","A":"53","GD":"-17","Pts":"35","Form":"Won against Ayr\n        \n    \n    \n    \n\n    \n    \n    \n        \n            Lost to Partick\n        \n    \n\n    \n    \n    \n        \n            Lost to QOS FC\n        \n    \n\n    \n    \n        \n            Drew with Queen's Park\n        \n    \n    \n\n    \n    \n    \n        \n            Lost to Queen's Park"},{"P":"10","Team":"QOS FC","GP":"36","W":"8","D":"9","L":"19","F":"36","A":"54","GD":"-18","Pts":"33","Form":"Lost to Partick\n        \n    \n\n    \n    \n    \n        \n            Lost to Arbroath\n        \n    \n\n    \n        \n            Won against Inverness\n        \n    \n    \n    \n\n    \n    \n        \n            Drew with Ayr\n        \n    \n    \n\n    \n        \n            Won against Dunfermline"}]