[{"url":"#maincontent","title":"Skip to main content"},{"url":"https://www.theguardian.com/international","title":"The Guardian - Back to home"},{"url":"https://support.theguardian.com/subscribe?INTCMP=header_supporter_cta&acquisitionData=%7B%22source%22:%22GUARDIAN_WEB%22,%22componentType%22:%22ACQUISITIONS_HEADER%22,%22componentId%22:%22header_supporter_cta%22%7D","title":"Subscriptions"},{"url":"https://jobs.theguardian.com/?INTCMP=jobs_int_web_newheader","title":"Search jobs"},{"url":"https://profile.theguardian.com/signin?INTCMP=DOTCOM_NEWHEADER_SIGNIN&componentEventParams=componentType%3Didentityauthentication%26componentId%3Dguardian_signin_header","title":"Sign in"},{"url":"https://manage.theguardian.com","title":"Account overview"},{"url":"https://manage.theguardian.com/billing","title":"Billing"},{"url":"https://manage.theguardian.com/public-settings","title":"Profile"},{"url":"https://manage.theguardian.com/email-prefs","title":"Emails & marketing"},{"url":"https://manage.theguardian.com/account-settings","title":"Settings"},{"url":"https://manage.theguardian.com/help","title":"Help"},{"url":"https://profile.theguardian.com/signout","title":"Sign out"},{"url":"https://www.google.co.uk/advanced_search?q=site:www.theguardian.com","title":"Search"},{"url":"https://www.theguardian.com/preference/edition/int","title":"switch to the \n            International edition"},{"url":"https://www.theguardian.com/preference/edition/uk","title":"switch to the \n            UK edition"},{"url":"https://www.theguardian.com/preference/edition/us","title":"switch to the \n            US edition"},{"url":"https://www.theguardian.com/preference/edition/au","title":"switch to the \n            Australia edition"},{"url":"https://www.theguardian.com/international","title":"News"},{"url":"https://www.theguardian.com/uk/commentisfree","title":"Opinion"},{"url":"https://www.theguardian.com/uk/sport","title":"Sport"},{"url":"https://www.theguardian.com/uk/culture","title":"Culture"},{"url":"https://www.theguardian.com/uk/lifeandstyle","title":"Lifestyle"},{"url":"https://www.theguardian.com/world","title":"World news"},{"url":"https://www.theguardian.com/uk-news","title":"UK news"},{"url":"https://www.theguardian.com/world/coronavirus-outbreak","title":"Coronavirus"},{"url":"https://www.theguardian.com/environment/climate-crisis","title":"Climate crisis"},{"url":"https://www.theguardian.com/uk/environment","title":"Environment"},{"url":"https://www.theguardian.com/science","title":"Science"},{"url":"https://www.theguardian.com/global-development","title":"Global development"},{"url":"https://www.theguardian.com/football","title":"Football"},{"url":"https://www.theguardian.com/uk/technology","title":"Tech"},{"url":"https://www.theguardian.com/uk/business","title":"Business"},{"url":"https://www.theguardian.com/tone/obituaries","title":"Obituaries"},{"url":"https://www.theguardian.com/profile/editorial","title":"The Guardian view"},{"url":"https://www.theguardian.com/index/contributors","title":"Columnists"},{"url":"https://www.theguardian.com/cartoons/archive","title":"Cartoons"},{"url":"https://www.theguardian.com/type/video+tone/comment","title":"Opinion videos"},{"url":"https://www.theguardian.com/tone/letters","title":"Letters"},{"url":"https://www.theguardian.com/football","title":"Football"},{"url":"https://www.theguardian.com/sport/cricket","title":"Cricket"},{"url":"https://www.theguardian.com/sport/rugby-union","title":"Rugby union"},{"url":"https://www.theguardian.com/sport/tennis","title":"Tennis"},{"url":"https://www.theguardian.com/sport/cycling","title":"Cycling"},{"url":"https://www.theguardian.com/sport/formulaone","title":"F1"},{"url":"https://www.theguardian.com/sport/golf","title":"Golf"},{"url":"https://www.theguardian.com/sport/us-sport","title":"US sports"},{"url":"https://www.theguardian.com/books","title":"Books"},{"url":"https://www.theguardian.com/music","title":"Music"},{"url":"https://www.theguardian.com/uk/tv-and-radio","title":"TV & radio"},{"url":"https://www.theguardian.com/artanddesign","title":"Art & design"},{"url":"https://www.theguardian.com/uk/film","title":"Film"},{"url":"https://www.theguardian.com/games","title":"Games"},{"url":"https://www.theguardian.com/music/classicalmusicandopera","title":"Classical"},{"url":"https://www.theguardian.com/stage","title":"Stage"},{"url":"https://www.theguardian.com/fashion","title":"Fashion"},{"url":"https://www.theguardian.com/food","title":"Food"},{"url":"https://www.theguardian.com/tone/recipes","title":"Recipes"},{"url":"https://www.theguardian.com/lifeandstyle/love-and-sex","title":"Love & sex"},{"url":"https://www.theguardian.com/lifeandstyle/health-and-wellbeing","title":"Health & fitness"},{"url":"https://www.theguardian.com/lifeandstyle/home-and-garden","title":"Home & garden"},{"url":"https://www.theguardian.com/lifeandstyle/women","title":"Women"},{"url":"https://www.theguardian.com/lifeandstyle/men","title":"Men"},{"url":"https://www.theguardian.com/lifeandstyle/family","title":"Family"},{"url":"https://www.theguardian.com/uk/travel","title":"Travel"},{"url":"https://www.theguardian.com/uk/money","title":"Money"},{"url":"https://support.theguardian.com/contribute?INTCMP=side_menu_support_contribute&acquisitionData=%7B%22source%22:%22GUARDIAN_WEB%22,%22componentType%22:%22ACQUISITIONS_HEADER%22,%22componentId%22:%22side_menu_support_contribute%22%7D","title":"Make a contribution"},{"url":"https://support.theguardian.com/subscribe?INTCMP=side_menu_support_subscribe&acquisitionData=%7B%22source%22:%22GUARDIAN_WEB%22,%22componentType%22:%22ACQUISITIONS_HEADER%22,%22componentId%22:%22side_menu_support_subscribe%22%7D","title":"Subscribe"},{"url":"https://www.theguardian.com/preference/edition/uk","title":"switch to the \n                         UK edition"},{"url":"https://www.theguardian.com/preference/edition/us","title":"switch to the \n                         US edition"},{"url":"https://www.theguardian.com/preference/edition/au","title":"switch to the \n                         Australia edition"},{"url":"https://jobs.theguardian.com?INTCMP=jobs_int_web_newheader_dropdown","title":"Search jobs"},{"url":"https://holidays.theguardian.com?INTCMP=holidays_int_web_newheader","title":"Holidays"},{"url":"https://theguardian.newspapers.com","title":"Digital Archive"},{"url":"https://puzzles.theguardian.com/download","title":"Guardian Puzzles app"},{"url":"https://licensing.theguardian.com/","title":"Guardian content licensing site"},{"url":"https://www.theguardian.com/mobile/2014/may/29/the-guardian-for-mobile-and-tablet","title":"The Guardian app"},{"url":"https://www.theguardian.com/video","title":"Video"},{"url":"https://www.theguardian.com/podcasts","title":"Podcasts"},{"url":"https://www.theguardian.com/inpictures","title":"Pictures"},{"url":"https://www.theguardian.com/email-newsletters","title":"Newsletters"},{"url":"https://www.theguardian.com/theguardian","title":"Today's paper"},{"url":"https://www.theguardian.com/membership","title":"Inside the Guardian"},{"url":"https://www.theguardian.com/observer","title":"The Observer"},{"url":"https://www.theguardian.com/weekly?INTCMP=gdnwb_mawns_editorial_gweekly_GW_TopNav_Int","title":"Guardian Weekly"},{"url":"https://www.theguardian.com/crosswords","title":"Crosswords"},{"url":"https://www.facebook.com/theguardian","title":"Facebook"},{"url":"https://twitter.com/guardian","title":"Twitter"},{"url":"https://jobs.theguardian.com?INTCMP=jobs_int_web_newheader_dropdown","title":"Search jobs"},{"url":"https://holidays.theguardian.com?INTCMP=holidays_int_web_newheader","title":"Holidays"},{"url":"https://theguardian.newspapers.com","title":"Digital Archive"},{"url":"https://puzzles.theguardian.com/download","title":"Guardian Puzzles app"},{"url":"https://licensing.theguardian.com/","title":"Guardian content licensing site"},{"url":"https://www.theguardian.com/football","title":"Football"},{"url":"https://www.theguardian.com/football/live","title":"Live scores"},{"url":"https://www.theguardian.com/football/tables","title":"Tables"},{"url":"https://www.theguardian.com/football/fixtures","title":"Fixtures"},{"url":"https://www.theguardian.com/football/results","title":"Results"},{"url":"https://www.theguardian.com/football/competitions","title":"Competitions"},{"url":"https://www.theguardian.com/football/teams","title":"Clubs"},{"url":"/football/kilmarnock","title":"Kilmarnock"},{"url":"/football/arbroath","title":"Arbroath"},{"url":"/football/invernesscaledonianthistle","title":"Inverness"},{"url":"/football/partick","title":"Partick"},{"url":"/football/raith","title":"Raith"},{"url":"/football/hamilton","title":"Hamilton"},{"url":"/football/morton","title":"Morton"},{"url":"/football/ayr","title":"Ayr"},{"url":"/football/dunfermline","title":"Dunfermline"},{"url":"/football/queenofthesouth","title":"QOS FC"},{"url":"/football/scottish-championship","title":"Scottish Championship"},{"url":"https://www.theguardian.com/most-read/sport","title":"Most popular"},{"url":"https://www.theguardian.com/football","title":"Football"},{"url":"https://www.theguardian.com/football/live","title":"Live scores"},{"url":"https://www.theguardian.com/football/tables","title":"Tables"},{"url":"https://www.theguardian.com/football/fixtures","title":"Fixtures"},{"url":"https://www.theguardian.com/football/results","title":"Results"},{"url":"https://www.theguardian.com/football/competitions","title":"Competitions"},{"url":"https://www.theguardian.com/football/teams","title":"Clubs"},{"url":"https://www.theguardian.com/international","title":"News"},{"url":"https://www.theguardian.com/uk/commentisfree","title":"Opinion"},{"url":"https://www.theguardian.com/uk/sport","title":"Sport"},{"url":"https://www.theguardian.com/uk/culture","title":"Culture"},{"url":"https://www.theguardian.com/uk/lifeandstyle","title":"Lifestyle"},{"url":"https://www.theguardian.com/help/contact-us","title":"Contact us"},{"url":"https://www.theguardian.com/info/complaints-and-corrections","title":"Complaints & corrections"},{"url":"https://www.theguardian.com/securedrop","title":"SecureDrop"},{"url":"https://workforus.theguardian.com","title":"Work for us"},{"url":"https://www.theguardian.com/info/privacy","title":"Privacy policy"},{"url":"https://www.theguardian.com/info/cookies","title":"Cookie policy"},{"url":"https://www.theguardian.com/help/terms-of-service","title":"Terms & conditions"},{"url":"https://www.theguardian.com/help","title":"Help"},{"url":"https://www.theguardian.com/index/subjects/a","title":"All topics"},{"url":"https://www.theguardian.com/index/contributors","title":"All writers"},{"url":"https://theguardian.newspapers.com","title":"Digital newspaper archive"},{"url":"https://www.facebook.com/theguardian","title":"Facebook"},{"url":"https://www.youtube.com/user/TheGuardian","title":"YouTube"},{"url":"https://www.instagram.com/guardian","title":"Instagram"},{"url":"https://www.linkedin.com/company/theguardian","title":"LinkedIn"},{"url":"https://twitter.com/guardian","title":"Twitter"},{"url":"https://www.theguardian.com/email-newsletters?INTCMP=DOTCOM_FOOTER_NEWSLETTER_INTERNATIONAL","title":"Newsletters"},{"url":"https://advertising.theguardian.com","title":"Advertise with us"},{"url":"https://jobs.theguardian.com/?INTCMP=NGW_FOOTER_INT_GU_JOBS","title":"Search UK jobs"},{"url":"https://support.theguardian.com/contribute?INTCMP=footer_support_contribute&acquisitionData=%7B%22source%22:%22GUARDIAN_WEB%22,%22componentType%22:%22ACQUISITIONS_FOOTER%22,%22componentId%22:%22footer_support_contribute%22%7D","title":"Contribute"},{"url":"https://support.theguardian.com/subscribe?INTCMP=footer_support_subscribe&acquisitionData=%7B%22source%22:%22GUARDIAN_WEB%22,%22componentType%22:%22ACQUISITIONS_FOOTER%22,%22componentId%22:%22footer_support_subscribe%22%7D","title":"Subscribe"},{"url":"#top","title":"Back to top"}]