[{"url":"https://tbc.edu.np/payment","title":"Online Payment"},{"url":"http://virtualtour.thebritishcollege.edu.np/","title":"Virtual Tour"},{"url":"http://result.thebritishcollege.edu.np/","title":"Result"},{"url":"https://www.thebritishcollege.edu.np/pages/tbc-student-counselling-and-well-being-unit/0/88","title":"Wellbeing Unit"},{"url":"https://www.thebritishcollege.edu.np/download","title":"Downloads"},{"url":"/pages/tbc-vacancies/3/13","title":"Vacancies"},{"url":"/","title":"Asset 1"},{"url":"#","title":"Menu"},{"url":"/","title":"Home"},{"url":"#","title":"About"},{"url":"/pages/about-tbc/0/1","title":"About Us"},{"url":"https://www.thebritishcollege.edu.np/pages/message-from-principal/0/83","title":"Message From Principal"},{"url":"/programme","title":"Courses"},{"url":"/programme/emba-mba-nepal/6","title":"MBA (Executive)"},{"url":"/programme/mba-in-nepal/7","title":"MBA (Graduate)"},{"url":"/programme/msc-information-and-technology/14","title":"MSc Information and Technology"},{"url":"/programme/msc-international-business-management/11","title":"MSc International Business Management"},{"url":"/programme/bba-(hons)-business-and-management/1","title":"BBA (Hons) Business and Management"},{"url":"/programme/bsc-computing-BIT-CSIT-in-kathmandu-nepal/2","title":"BSc (Hons) Computing"},{"url":"/programme/bsc-(hons)-cyber-security-and-digital-forensics/17","title":"BSc (Hons) Cyber Security and Digital Forensics NEW"},{"url":"/programme/bsc-(hons)-hospitality-business-management-(bhm)/16","title":"BSc (Hons) Hospitality Business Management (BHM)"},{"url":"https://www.thebritishcollege.edu.np/programme/acca-kathmandu-nepal/8","title":"ACCA Programme"},{"url":"/programme/ielts-preparatory-courses-tbc-kathmandu-nepal/10","title":"IELTS Preparatory Courses"},{"url":"/programme/gce-a-level/4","title":"GCE A Levels"},{"url":"/programme/pearson-test-of-english-pte-nepal/15","title":"Pearson Test of English (PTE) Academic"},{"url":"/pages/admissions/0/4","title":"Admissions"},{"url":"https://zfrmz.eu/6TWBZ7iP4iRraR6olckA","title":"Apply Online"},{"url":"https://zfrmz.eu/2R4wbRu9YwngN93NU0DF","title":"A-Level Online Enquiry Form"},{"url":"https://www.thebritishcollege.edu.np/pages/studenttestimonial/0/82","title":"Frequently Asked Questions (FAQ)"},{"url":"/pages/students/0/2","title":"Students"},{"url":"https://www.thebritishcollege.edu.np/pages/volunteering-placement-university-graduates-work-experience/0/154","title":"Volunteering Placement"},{"url":"https://www.thebritishcollege.edu.np/news/mba-emba-consultancy-and-msc-dissertation-projects/345","title":"PGBM Consultancy Projects"},{"url":"https://tbcdgl.thebritishcollege.edu.np/","title":"TBC Distinguished Guest Lecture Series"},{"url":"http://graduation.thebritishcollege.edu.np/","title":"TBC Graduation Ceremony"},{"url":"http://result.thebritishcollege.edu.np/","title":"View Examination Result"},{"url":"/alumni","title":"Alumni"},{"url":"/pages/student-services/2/8","title":"Student Services"},{"url":"/pages/student-life/2/11","title":"Student life"},{"url":"https://www.thebritishcollege.edu.np/pages/a-level-student-testimonials/0/147","title":"A Level Student Testimonial"},{"url":"https://www.thebritishcollege.edu.np/pages/mibm-student-testimonial/76/89","title":"MIBM Student Testimonial"},{"url":"https://www.thebritishcollege.edu.np/pages/mba-student-testimonial/76/90","title":"MBA Student Testimonial"},{"url":"https://www.thebritishcollege.edu.np/pages/emba-student-testimonial/76/91","title":"EMBA Student Testimonial"},{"url":"/pages/services-&-benefits/0/42","title":"Services & Benefits"},{"url":"/pages/business-incubation-center/42/48","title":"Business Incubation Center"},{"url":"/pages/accommodation-for-students/2/12","title":"Accommodation for Students"},{"url":"#","title":"Scholarships"},{"url":"https://www.thebritishcollege.edu.np/pages/bachelors-scholarships-policy/4/45","title":"Bachelors Scholarship"},{"url":"https://www.thebritishcollege.edu.np/pages/masters-scholarships-policy/4/44","title":"Masters Scholarship"},{"url":"https://www.thebritishcollege.edu.np/pages/ohct-scholarships-for-students/0/120","title":"OHCT Scholarship"},{"url":"https://www.thebritishcollege.edu.np/profiles","title":"Staff"},{"url":"/pages/international/0/56","title":"International"},{"url":"/pages/international-students/0/33","title":"International Students"},{"url":"/pages/volunteering-opportunities/28/47","title":"Volunteering Opportunities"},{"url":"/pages/student-life/2/11","title":"Student Life"},{"url":"/pages/accommodation-for-students/2/12","title":"Accommodation"},{"url":"/contact","title":"Contact us"},{"url":"/blog","title":"Blog"},{"url":"/alumni","title":"Alumni"},{"url":"/pages/international-students/0/33","title":"International Students"},{"url":"/pages/business-services-&-placements/1/5","title":"Business Services"},{"url":"https://www.thebritishcollege.edu.np/pages/tbc-vacancies/3/13","title":"Vacancies"},{"url":"http://goo.gl/AeN4LB","title":"Student Login"},{"url":"https://docs.google.com/forms/d/e/1FAIpQLSfAVCcKYLd7fz-qkYF5Y-Flla9dl0VHt0wt1TXVlRxNaUBctA/viewform","title":"TBC Feedback Form"},{"url":"/pages/traineeship-application-open/42/55","title":"International Internship"},{"url":"/pages/international-mobility-programme/0/50","title":"International Mobility Programme"},{"url":"/pages/computer-forensics-lab/2/16","title":"Computer Forensics Lab"},{"url":"/pages/college-library/2/25","title":"College Library"},{"url":"/pages/eca-activities/2/29","title":"ECA Activities"},{"url":"/pages/corporate-social-responsibility/1/28","title":"Corporate Social Responsibility"},{"url":"https://www.thebritishcollege.edu.np/programme/gce-a-level/4","title":"GCE A Levels"},{"url":"https://www.thebritishcollege.edu.np/programme/acca-kathmandu-nepal/8","title":"ACCA"},{"url":"#","title":"Business Courses"},{"url":"/programme/BBA-college-in-kathmandu-nepal/1","title":"BBA (Hons) Business and Management"},{"url":"/programme/bhm-nepal/16","title":"BSc (Hons) Hospitality Business Management (BHM)"},{"url":"/programme/emba-mba-nepal/6","title":"MBA (Executive)"},{"url":"/programme/mba-in-nepal/7","title":"MBA (Graduate)"},{"url":"/programme/msc-international-business-management/11","title":"MSc International Business Management"},{"url":"#","title":"Information Technology \nCourses"},{"url":"/programme/bsc-computing-BIT-in-kathmandu-nepal/2","title":"BSc (Hons) Computing"},{"url":"/programme/bsc-(hons)-cyber-security-and-digital-forensics/17","title":"BSc (Hons) Cyber Security and Digital Forensics"},{"url":"/programme/msc-information-and-technology/14","title":"MSc Information and Technology"},{"url":"#","title":"Cambridge A-Level Programme delivered by British Model College"},{"url":"/programme/a-level-nepal/4","title":"GCE A Level"},{"url":"#","title":"Other Courses delivered by British Professional College"},{"url":"/programme/acca-kathmandu-nepal/8","title":"ACCA Programme"},{"url":"/news","title":"news"},{"url":"/news/a-levels---computer-based-entrance-test-result---24th-may/354","title":"A Levels - Computer Based Entrance ..."},{"url":"/news/a-levels---computer-based-entrance-test-result---24th-may/354","title":"Read more"},{"url":"/news/a-levels---computer-based-entrance-test-result---20th-may/353","title":"A Levels - Computer Based Entrance ..."},{"url":"/news/a-levels---computer-based-entrance-test-result---20th-may/353","title":"Read more"},{"url":"/events","title":"events"},{"url":"/event/110","title":"Guest lecture session on \"Business Consultancy - A Practinoner's Perpective\" by Mr Ashutosh Tiwari"},{"url":"/event/110","title":"Read more"},{"url":"/event/108","title":"TBC Distinguished Guest Lecture Series II - Session 3 |  Dr Prof Helen King"},{"url":"/event/108","title":"Read more"},{"url":"/programme/BBA-college-in-kathmandu-nepal/1","title":"BBA (Hons) Business and Management"},{"url":"/programme/bhm-nepal/16","title":"BSc (Hons) Hospitality Business            Management (BHM)"},{"url":"/programme/emba-mba-nepal/6","title":"MBA (Executive)"},{"url":"/programme/mba-in-nepal/7","title":"MBA (Graduate)"},{"url":"/programme/msc-international-business-management/11","title":"MSc International Business Management"},{"url":"/programme/bsc-computing-BIT-in-kathmandu-nepal/2","title":"BSc (Hons) Computing"},{"url":"/programme/bsc-(hons)-cyber-security-and-digital-forensics/17","title":"BSc (Hons) Cyber Security and Digital Forensics"},{"url":"/programme/msc.-information-and-technology/14","title":"MSc. Information and Technology"},{"url":"/programme/a-level-nepal/4","title":"GCE A Level"},{"url":"/programme/acca-kathmandu-nepal/8","title":"ACCA Programme"},{"url":"/programme/ielts-preparatory-courses-tbc-kathmandu-nepal/10","title":"IELTS Preparatory Courses"},{"url":"/programme/pearson-test-of-english-pte-nepal/15","title":"Pearson Test of English (PTE) Academic"},{"url":"https://www.thebritishcollege.edu.np/pages/term-and-conditions/2/59","title":"Terms & Conditions"},{"url":"https://thebritishcollege.edu.np/pages/privacy-statement/0/40","title":"Privacy"},{"url":"https://my.leedsbeckett.ac.uk/webapps/login/","title":"Leeds x stream"},{"url":"http://goo.gl/w2IDdZ","title":"UWE Blackboard"},{"url":"http://www.turnitinuk.com/en_gb/login","title":"Turnitin"},{"url":"/pages/press-archive/0/30","title":"Press Archive"},{"url":"http://www1.uwe.ac.uk/comingtouwe/internationalstudents/countryspecificpages/nepal.aspx","title":"UWE + TBC"},{"url":"/download","title":"Downloads"},{"url":"https://www.thebritishcollege.edu.np/pages/tbc-vacancies/3/13","title":"Vacancies"},{"url":"http://www.thebritishcollege.edu.np/?show_desktop_mode=true","title":"Turn On Desktop View"}]