[{"url":"https://rsci.app.link/?$canonical_url=https%3A%2F%2Fmedium.com/p/e2b65d82f5df&~feature=LoOpenInAppButton&~channel=ShowPostUnderCollection&~stage=mobileNavBar","title":"Open in app"},{"url":"https://medium.com/","title":"Home"},{"url":"https://medium.com/m/signin?operation=register&redirect=https%3A%2F%2Fmedium.com%2Fme%2Fnotifications&source=--------------------------notifications_sidenav-----------","title":"Notifications"},{"url":"https://medium.com/m/signin?operation=register&redirect=https%3A%2F%2Fmedium.com%2Fme%2Flists&source=--------------------------lists_sidenav-----------","title":"Lists"},{"url":"https://medium.com/m/signin?operation=register&redirect=https%3A%2F%2Fmedium.com%2Fme%2Fstories%2Fdrafts&source=--------------------------stories_sidenav-----------","title":"Stories"},{"url":"https://medium.com/m/signin?operation=register&redirect=https%3A%2F%2Fmedium.com%2Fnew-story&source=--------------------------new_post_sidenav-----------","title":"Write"},{"url":"https://blog.cloudboost.io/?source=post_page-----e2b65d82f5df--------------------------------","title":"CloudBoost"},{"url":"https://medium.com/@hariomvashisth?source=post_page-----e2b65d82f5df--------------------------------","title":"Hariom Vashisth"},{"url":"https://medium.com/m/signin?actionUrl=https%3A%2F%2Fmedium.com%2F_%2Fsubscribe%2Fuser%2F2b1780c456e&operation=register&redirect=https%3A%2F%2Fblog.cloudboost.io%2Fnodejs-mongodb-pm2-and-nginx-installation-and-configuration-for-production-server-ubuntu-16-04-e2b65d82f5df&user=Hariom+Vashisth&userId=2b1780c456e&source=post_page-2b1780c456e----e2b65d82f5df---------------------follow_byline-----------","title":"Follow"},{"url":"https://medium.com/m/signin?actionUrl=https%3A%2F%2Fmedium.com%2F_%2Fbookmark%2Fp%2Fe2b65d82f5df&operation=register&redirect=https%3A%2F%2Fblog.cloudboost.io%2Fnodejs-mongodb-pm2-and-nginx-installation-and-configuration-for-production-server-ubuntu-16-04-e2b65d82f5df&source=--------------------------bookmark_header-----------","title":"Save"},{"url":"https://www.digitalocean.com/community/tutorials/how-to-add-swap-space-on-ubuntu-16-04","title":"How To Add Swap Space on Ubuntu 16.04 | DigitalOceanOne of the easiest way of increasing the responsiveness of your server and guarding against out of memory errors in…www.digitalocean.com"},{"url":"https://deb.nodesource.com/setup_6.x","title":"https://deb.nodesource.com/setup_6.x"},{"url":"http://repo.mongodb.org/apt/ubuntu","title":"http://repo.mongodb.org/apt/ubuntu"},{"url":"https://www.digitalocean.com/community/tutorials/how-to-install-mongodb-on-ubuntu-16-04","title":"https://www.digitalocean.com/community/tutorials/how-to-install-mongodb-on-ubuntu-16-04"},{"url":"/lift-nodejs-app-with-pm2-b07ebbfce2e7","title":"Run NodeJS app with PM2"},{"url":"https://blog.cloudboost.io/?source=post_page-----e2b65d82f5df--------------------------------","title":"More from CloudBoost"},{"url":"https://medium.com/m/signin?actionUrl=https%3A%2F%2Fmedium.com%2F_%2Fsubscribe%2Fcollection%2Fcloudboost%2Fe2b65d82f5df&operation=register&redirect=https%3A%2F%2Fblog.cloudboost.io%2Fnodejs-mongodb-pm2-and-nginx-installation-and-configuration-for-production-server-ubuntu-16-04-e2b65d82f5df&collection=CloudBoost&collectionId=6a01e77e393e&source=post_page-----e2b65d82f5df---------------------follow_footer-----------","title":"Follow"},{"url":"https://blog.cloudboost.io/?source=post_page-----e2b65d82f5df--------------------------------","title":"Read more from CloudBoost"},{"url":"https://medium.com/about?autoplay=1&source=post_page-----e2b65d82f5df--------------------------------","title":"About"},{"url":"https://help.medium.com/hc/en-us?source=post_page-----e2b65d82f5df--------------------------------","title":"Help"},{"url":"https://policy.medium.com/medium-terms-of-service-9db0094a1e0f?source=post_page-----e2b65d82f5df--------------------------------","title":"Terms"},{"url":"https://policy.medium.com/medium-privacy-policy-f03bf92035c9?source=post_page-----e2b65d82f5df--------------------------------","title":"Privacy"},{"url":"https://medium.com/m/signin?operation=register&redirect=https%3A%2F%2Fblog.cloudboost.io%2Fnodejs-mongodb-pm2-and-nginx-installation-and-configuration-for-production-server-ubuntu-16-04-e2b65d82f5df&source=post_page--------------------------nav_reg-----------","title":"Get started"},{"url":"https://medium.com/@hariomvashisth","title":"Hariom Vashisth"},{"url":"https://medium.com/m/signin?actionUrl=https%3A%2F%2Fmedium.com%2F_%2Fsubscribe%2Fuser%2F2b1780c456e&operation=register&redirect=https%3A%2F%2Fblog.cloudboost.io%2Fnodejs-mongodb-pm2-and-nginx-installation-and-configuration-for-production-server-ubuntu-16-04-e2b65d82f5df&user=Hariom+Vashisth&userId=2b1780c456e&source=post_page-2b1780c456e-------------------------follow_profile-----------","title":"Follow"},{"url":"https://medium.com/@royibeni?source=read_next_recirc---------0---------------------1286233a_34f0_41c5_b439_37131e1cadf1-------","title":"Royi Benita"},{"url":"https://betterprogramming.pub/?source=read_next_recirc---------0---------------------1286233a_34f0_41c5_b439_37131e1cadf1-------","title":"Better Programming"},{"url":"https://medium.com/@steve2640?source=read_next_recirc---------1---------------------1286233a_34f0_41c5_b439_37131e1cadf1-------","title":"Stephen George"},{"url":"https://dltlabs.medium.com/?source=read_next_recirc---------2---------------------1286233a_34f0_41c5_b439_37131e1cadf1-------","title":"DLT Labs"},{"url":"https://medium.com/dlt-labs-publication?source=read_next_recirc---------2---------------------1286233a_34f0_41c5_b439_37131e1cadf1-------","title":"DLT Labs"},{"url":"https://medium.com/@marcel_katz?source=read_next_recirc---------3---------------------1286233a_34f0_41c5_b439_37131e1cadf1-------","title":"Marcel Katz"},{"url":"https://help.medium.com/hc/en-us","title":"Help"},{"url":"https://medium.statuspage.io","title":"Status"},{"url":"https://about.medium.com/creators/","title":"Writers"},{"url":"https://blog.medium.com","title":"Blog"},{"url":"https://medium.com/jobs-at-medium/work-at-medium-959d1a85284e","title":"Careers"},{"url":"https://policy.medium.com/medium-privacy-policy-f03bf92035c9","title":"Privacy"},{"url":"https://policy.medium.com/medium-terms-of-service-9db0094a1e0f","title":"Terms"},{"url":"https://medium.com/about?autoplay=1","title":"About"},{"url":"https://knowable.fyi","title":"Knowable"}]