[{"P":"1","Team":"Man City","GP":"38","W":"29","D":"6","L":"3","F":"99","A":"26","GD":"73","Pts":"93","Form":"Won against Leeds\n        \n    \n    \n    \n\n    \n        \n            Won against Newcastle\n        \n    \n    \n    \n\n    \n        \n            Won against Wolves\n        \n    \n    \n    \n\n    \n    \n        \n            Drew with West Ham\n        \n    \n    \n\n    \n        \n            Won against Aston Villa"},{"P":"2","Team":"Liverpool","GP":"38","W":"28","D":"8","L":"2","F":"94","A":"26","GD":"68","Pts":"92","Form":"Won against Newcastle\n        \n    \n    \n    \n\n    \n    \n        \n            Drew with Spurs\n        \n    \n    \n\n    \n        \n            Won against Aston Villa\n        \n    \n    \n    \n\n    \n        \n            Won against Southampton\n        \n    \n    \n    \n\n    \n        \n            Won against Wolves"},{"P":"3","Team":"Chelsea","GP":"38","W":"21","D":"11","L":"6","F":"76","A":"33","GD":"43","Pts":"74","Form":"Lost to Everton\n        \n    \n\n    \n    \n        \n            Drew with Wolves\n        \n    \n    \n\n    \n        \n            Won against Leeds\n        \n    \n    \n    \n\n    \n    \n        \n            Drew with Leicester\n        \n    \n    \n\n    \n        \n            Won against Watford"},{"P":"4","Team":"Spurs","GP":"38","W":"22","D":"5","L":"11","F":"69","A":"40","GD":"29","Pts":"71","Form":"Won against Leicester\n        \n    \n    \n    \n\n    \n    \n        \n            Drew with Liverpool\n        \n    \n    \n\n    \n        \n            Won against Arsenal\n        \n    \n    \n    \n\n    \n        \n            Won against Burnley\n        \n    \n    \n    \n\n    \n        \n            Won against Norwich"},{"P":"5","Team":"Arsenal","GP":"38","W":"22","D":"3","L":"13","F":"61","A":"48","GD":"13","Pts":"69","Form":"Won against West Ham\n        \n    \n    \n    \n\n    \n        \n            Won against Leeds\n        \n    \n    \n    \n\n    \n    \n    \n        \n            Lost to Spurs\n        \n    \n\n    \n    \n    \n        \n            Lost to Newcastle\n        \n    \n\n    \n        \n            Won against Everton"},{"P":"6","Team":"Man Utd","GP":"38","W":"16","D":"10","L":"12","F":"57","A":"57","GD":"0","Pts":"58","Form":"Lost to Arsenal\n        \n    \n\n    \n    \n        \n            Drew with Chelsea\n        \n    \n    \n\n    \n        \n            Won against Brentford\n        \n    \n    \n    \n\n    \n    \n    \n        \n            Lost to Brighton\n        \n    \n\n    \n    \n    \n        \n            Lost to C Palace"},{"P":"7","Team":"West Ham","GP":"38","W":"16","D":"8","L":"14","F":"60","A":"51","GD":"9","Pts":"56","Form":"Lost to Chelsea\n        \n    \n\n    \n    \n    \n        \n            Lost to Arsenal\n        \n    \n\n    \n        \n            Won against Norwich\n        \n    \n    \n    \n\n    \n    \n        \n            Drew with Man City\n        \n    \n    \n\n    \n    \n    \n        \n            Lost to Brighton"},{"P":"8","Team":"Leicester","GP":"38","W":"14","D":"10","L":"14","F":"62","A":"59","GD":"3","Pts":"52","Form":"Lost to Everton\n        \n    \n\n    \n        \n            Won against Norwich\n        \n    \n    \n    \n\n    \n        \n            Won against Watford\n        \n    \n    \n    \n\n    \n    \n        \n            Drew with Chelsea\n        \n    \n    \n\n    \n        \n            Won against Southampton"},{"P":"9","Team":"Brighton","GP":"38","W":"12","D":"15","L":"11","F":"42","A":"44","GD":"-2","Pts":"51","Form":"Drew with Southampton\n        \n    \n    \n\n    \n        \n            Won against Wolves\n        \n    \n    \n    \n\n    \n        \n            Won against Man Utd\n        \n    \n    \n    \n\n    \n    \n        \n            Drew with Leeds\n        \n    \n    \n\n    \n        \n            Won against West Ham"},{"P":"10","Team":"Wolves","GP":"38","W":"15","D":"6","L":"17","F":"38","A":"43","GD":"-5","Pts":"51","Form":"Lost to Brighton\n        \n    \n\n    \n    \n        \n            Drew with Chelsea\n        \n    \n    \n\n    \n    \n    \n        \n            Lost to Man City\n        \n    \n\n    \n    \n        \n            Drew with Norwich\n        \n    \n    \n\n    \n    \n    \n        \n            Lost to Liverpool"},{"P":"11","Team":"Newcastle","GP":"38","W":"13","D":"10","L":"15","F":"44","A":"62","GD":"-18","Pts":"49","Form":"Won against Norwich\n        \n    \n    \n    \n\n    \n    \n    \n        \n            Lost to Liverpool\n        \n    \n\n    \n    \n    \n        \n            Lost to Man City\n        \n    \n\n    \n        \n            Won against Arsenal\n        \n    \n    \n    \n\n    \n        \n            Won against Burnley"},{"P":"12","Team":"C Palace","GP":"38","W":"11","D":"15","L":"12","F":"50","A":"46","GD":"4","Pts":"48","Form":"Won against Southampton\n        \n    \n    \n    \n\n    \n        \n            Won against Watford\n        \n    \n    \n    \n\n    \n    \n        \n            Drew with Aston Villa\n        \n    \n    \n\n    \n    \n    \n        \n            Lost to Everton\n        \n    \n\n    \n        \n            Won against Man Utd"},{"P":"13","Team":"Brentford","GP":"38","W":"13","D":"7","L":"18","F":"48","A":"56","GD":"-8","Pts":"46","Form":"Drew with Spurs\n        \n    \n    \n\n    \n    \n    \n        \n            Lost to Man Utd\n        \n    \n\n    \n        \n            Won against Southampton\n        \n    \n    \n    \n\n    \n        \n            Won against Everton\n        \n    \n    \n    \n\n    \n    \n    \n        \n            Lost to Leeds"},{"P":"14","Team":"Aston Villa","GP":"38","W":"13","D":"6","L":"19","F":"52","A":"54","GD":"-2","Pts":"45","Form":"Won against Burnley\n        \n    \n    \n    \n\n    \n    \n    \n        \n            Lost to Liverpool\n        \n    \n\n    \n    \n        \n            Drew with C Palace\n        \n    \n    \n\n    \n    \n        \n            Drew with Burnley\n        \n    \n    \n\n    \n    \n    \n        \n            Lost to Man City"},{"P":"15","Team":"Southampton","GP":"38","W":"9","D":"13","L":"16","F":"43","A":"67","GD":"-24","Pts":"40","Form":"Drew with Brighton\n        \n    \n    \n\n    \n    \n    \n        \n            Lost to C Palace\n        \n    \n\n    \n    \n    \n        \n            Lost to Brentford\n        \n    \n\n    \n    \n    \n        \n            Lost to Liverpool\n        \n    \n\n    \n    \n    \n        \n            Lost to Leicester"},{"P":"16","Team":"Everton","GP":"38","W":"11","D":"6","L":"21","F":"43","A":"66","GD":"-23","Pts":"39","Form":"Won against Leicester\n        \n    \n    \n    \n\n    \n    \n        \n            Drew with Watford\n        \n    \n    \n\n    \n    \n    \n        \n            Lost to Brentford\n        \n    \n\n    \n        \n            Won against C Palace\n        \n    \n    \n    \n\n    \n    \n    \n        \n            Lost to Arsenal"},{"P":"17","Team":"Leeds","GP":"38","W":"9","D":"11","L":"18","F":"42","A":"79","GD":"-37","Pts":"38","Form":"Lost to Man City\n        \n    \n\n    \n    \n    \n        \n            Lost to Arsenal\n        \n    \n\n    \n    \n    \n        \n            Lost to Chelsea\n        \n    \n\n    \n    \n        \n            Drew with Brighton\n        \n    \n    \n\n    \n        \n            Won against Brentford"},{"P":"18","Team":"Burnley","GP":"38","W":"7","D":"14","L":"17","F":"34","A":"53","GD":"-19","Pts":"35","Form":"Won against Watford\n        \n    \n    \n    \n\n    \n    \n    \n        \n            Lost to Aston Villa\n        \n    \n\n    \n    \n    \n        \n            Lost to Spurs\n        \n    \n\n    \n    \n        \n            Drew with Aston Villa\n        \n    \n    \n\n    \n    \n    \n        \n            Lost to Newcastle"},{"P":"19","Team":"Watford","GP":"38","W":"6","D":"5","L":"27","F":"34","A":"77","GD":"-43","Pts":"23","Form":"Lost to Burnley\n        \n    \n\n    \n    \n    \n        \n            Lost to C Palace\n        \n    \n\n    \n    \n        \n            Drew with Everton\n        \n    \n    \n\n    \n    \n    \n        \n            Lost to Leicester\n        \n    \n\n    \n    \n    \n        \n            Lost to Chelsea"},{"P":"20","Team":"Norwich","GP":"38","W":"5","D":"7","L":"26","F":"23","A":"84","GD":"-61","Pts":"22","Form":"Lost to Aston Villa\n        \n    \n\n    \n    \n    \n        \n            Lost to West Ham\n        \n    \n\n    \n    \n    \n        \n            Lost to Leicester\n        \n    \n\n    \n    \n        \n            Drew with Wolves\n        \n    \n    \n\n    \n    \n    \n        \n            Lost to Spurs"}]